run,n,duration_s,dt_native_ms,resampled,n_invalid,n_blocks,g00_frac,feed_cut_max,feed_cut_med,speed_p95,block_len_med_mm,block_len_p10_mm,corner_ang_med_deg,corner_ang_p90_deg,e_rms_x,e_rms_y,e_rms_z,e_absmax,pos_x,pos_y,pos_z,span_mm,family,feed_name,rank
DOE_0018_RANDOMWALK3D_MIXED_F1500_S03,19039,9.519,0.4999999999999449,0,1,125,0.241241661851988,1500.0,1500.0,40018.284017181664,0.8651710702022958,0.4252125946804065,5.195739000007174,17.481609016220624,10.547800930421491,4.062026115085249,14.158096360011724,92.78599999999938,126.43628542999994,126.51927368999992,180.56828526,683.5947089332857,RANDOMWALK3D_MIXED,1500,12.0
DOE_0019_RANDOMWALK3D_DENSE_F1500_S01,14136,7.0675,0.4999999999999449,0,1,225,0.3258347481607244,1500.0,500.0,40018.28401718648,0.1763043134827923,0.0698304414273051,2.8673230518162773,8.277824352862273,12.14192684008584,4.706554930083434,16.340848173693345,92.78599999999938,158.14500124999998,158.14492682499997,178.81676275,629.1000900365657,RANDOMWALK3D_DENSE,1500,3.0
DOE_0039_RANDOMWALK3D_FINE_F6000_S03,12049,6.024,0.4999999999999449,0,1,155,0.3824383766287659,6000.0,500.0,40018.28401718648,0.3900562655097535,0.1781915128107935,2.6412622335318083,6.887302352828491,15.930151031549652,6.796552821349114,18.666178783948915,92.78599999999938,151.56830852000002,158.8187468,178.30313068,638.5980596104156,RANDOMWALK3D_FINE,6000,15.0
DOE_0040_RANDOMWALK3D_MIXED_F6000_S01,12734,6.3665,0.4999999999999449,0,1,125,0.3595099732998272,6000.0,500.0,40018.28401718648,0.8353575484309741,0.345685383843284,4.475471022876403,10.407531370102555,16.04443379317387,5.902931045666556,17.910404908797197,92.78599999999938,150.92785724,129.88692315,183.753517505,661.8712427614083,RANDOMWALK3D_MIXED,6000,24.0
DOE_0046_RANDOMWALK3D_ZACTIVE_F6000_S01,12146,6.072500000000001,0.4999999999999449,0,1,145,0.3725506339535649,6000.0,500.0,40018.28401718648,0.5288277689767814,0.1937796088175691,3.781050356116322,9.75822778973149,14.913738582890188,6.081562837788132,20.118529028145044,92.78599999999938,158.79120725,157.07468394999998,187.06728205,620.7019298819623,RANDOMWALK3D_ZACTIVE,6000,6.0
DOE_0077_SUBMM_X_REV_L0.10_F500,17104,8.551499999999999,0.4999999999999449,0,1,325,0.2644995322731525,500.0,500.0,40018.284017181664,0.00352,0.00352,180.0,180.0,11.283651568640652,4.17005465880251,14.956564043374687,92.78599999999938,156.89300505000006,156.89300505000006,192.5,607.575773273552,SUBMM_X_REV_L0.10,500,1.0
DOE_0087_SUBMM_XY_ZIGZAG_L0.50_F500,50224,25.1115,0.4999999999999449,0,1,245,0.090076457470532,500.0,500.0,30679.53400831723,0.6279712173014125,0.6279712172820826,90.0,90.00000000000001,7.065101444206486,2.80749632480909,8.744740331559713,92.78599999999938,124.24701184999962,124.03437334999964,192.5,543.9991710247291,SUBMM_XY_ZIGZAG_L0.50,500,28.0
DOE_0091_SUBMM_XY_ZIGZAG_L0.80_F500,74704,37.3515,0.4999999999997229,0,1,245,0.0605590062111801,500.0,500.0,6513.102000000134,1.0522352860674684,1.0522352859940112,90.0,90.00000000000001,5.78261369167724,2.30361870778307,7.170256656853474,92.78599999999938,95.38334770000014,95.02100070000014,192.5,495.2634493763688,SUBMM_XY_ZIGZAG_L0.80,500,10.0
DOE_0096_SUBMM_XYZ_JITTER_L0.05_F1500,10458,5.2285,0.4999999999999995,0,1,325,0.4325874928284567,1500.0,500.0,40018.96283969248,0.0065230508372338,0.0021421027988007,7.714382048330683,26.35928300883609,14.037162181364623,5.505611413169965,19.16798094235701,92.78599999999938,159.1562756,159.00903909500002,192.380185495,612.8382748253149,SUBMM_XYZ_JITTER_L0.05,1500,30.0
DOE_0108_SUBMM_XYZ_JITTER_L0.50_F1500,16737,8.367999999999999,0.4999999999999449,0,1,245,0.2704188325267371,1500.0,1500.0,40018.284017181664,0.1700922811830355,0.0661966550332798,26.56176111886828,85.1539468714198,15.172598108595071,6.575586429943197,15.419688669626604,92.78599999999938,154.15579653999998,156.91974677999997,192.03728648,611.7423706816713,SUBMM_XYZ_JITTER_L0.50,1500,21.0
DOE_0157_TWO_AXIS_CIRCULAR_LLONG_F500_S01,57917,28.958,0.4999999999997229,0,1,14,0.0786297632819379,500.0,500.0,22763.483266369854,20.724019012261174,20.197464521976315,60.003178296141705,90.0,5.871857929917648,2.2608312935381254,8.102565462998458,92.78599999999938,105.2996908599996,105.3523845199996,187.5,552.8820821079638,TWO_AXIS_CIRCULAR_LLONG,500,19.0
DOE_0202_SINGLE_AXIS_LMIXED_F1000_S02,51862,25.9305,0.4999999999999449,0,1,64,0.087809957194092,1000.0,1000.0,29501.87399999997,2.487439000000002,0.3754894999999988,0.0,180.0,7.7366964716650415,2.389434276069393,8.573130894741846,92.78599999999938,110.66008131999992,122.31569794999992,187.5,558.8047712584026,SINGLE_AXIS_LMIXED,1000,20.0
DOE_0209_THREE_AXIS_HELIX_LSHORT_F1000_S01,54692,27.3455,0.4999999999997229,0,1,76,0.0834857017479704,1000.0,1000.0,26625.599999999897,5.236876142742949,5.236136337304648,15.001680238483583,15.005895539522031,6.047712793246607,2.3327888681893074,8.349586897042185,92.78599999999938,108.9860704499996,108.9860704499996,182.535287785,567.6560310449024,THREE_AXIS_HELIX_LSHORT,1000,2.0
DOE_0260_THREE_AXIS_HELIX_LLONG_F3000_S02,50874,25.4365,0.4999999999999449,0,1,58,0.0898494319298659,3000.0,3000.0,30978.57271535369,20.94423615012904,20.943788710002853,60.00004777922502,60.00017634179899,6.509645941746475,2.525572466618997,8.7378693382866,92.78599999999938,113.48792434999964,113.48652634999962,182.52571504,575.9364169744861,THREE_AXIS_HELIX_LLONG,3000,22.0
DOE_0273_JITTER_LMIXED_F3000_S01,6130,3.0645,0.5000000000000004,0,1,202,0.7424143556280587,3000.0,3000.0,40019.981073459465,0.0022235755096876,0.0007992169028032,19.49233595719491,69.91359659798344,18.13711025422789,7.045954913168866,25.25040261994212,92.78599999999938,159.80325445,159.69614510000002,187.929765925,620.0782523950226,JITTER_LMIXED,3000,13.0
DOE_0294_SINGLE_AXIS_LSHORT_F5000_S02,20337,10.168,0.4999999999999449,0,1,156,0.2239268328662044,5000.0,5000.0,40000.80000000253,0.9889670000000016,0.0249395000000003,0.0,180.0,52.74740979196736,4.221867059589075,14.072462938543568,193.72900000000115,144.29312147999997,155.13650719999995,187.5,622.1668931081123,SINGLE_AXIS_LSHORT,5000,14.0
DOE_0295_SINGLE_AXIS_LLONG_F5000_S01,50326,25.1625,0.4999999999999449,0,1,140,0.0904900051663156,5000.0,5000.0,31228.80000000101,7.4251845,0.5379657999999986,180.0,180.0,37.22169901921483,2.710791684347591,8.942445902508908,195.94000000000025,113.93583425,124.12674875,187.5,560.7314309584796,SINGLE_AXIS_LLONG,5000,5.0
DOE_0303_TWO_AXIS_CIRCULAR_LMIXED_F5000_S01,48922,24.4605,0.4999999999999449,0,1,240,0.0930869547442868,5000.0,5000.0,32706.79707128822,4.997710972943652,1.8156244080349948,38.13888831741416,60.32532114230328,10.891784788362884,4.348843326168796,9.164222236887598,92.78599999999938,116.5071574700001,116.5870876100001,187.5,571.3687076749795,TWO_AXIS_CIRCULAR_LMIXED,5000,32.0
DOE_0325_RANDOMWALK3D_SMOOTH_LLONG_F7500_S01,46613,23.306,0.4999999999999449,0,1,272,0.0979125994894128,7500.0,7500.0,35317.234489103175,8.911842658916438,5.38821675694861,26.87677362143527,120.9945118946197,32.2035806304515,13.558403790272976,20.399908178455743,190.531,115.50825055999968,115.86750769999968,183.2557368,589.6494813163489,RANDOMWALK3D_SMOOTH_LLONG,7500,25.0
DOE_0337_RANDOMWALK3D_SHARP_LLONG_F7500_S01,30251,15.125,0.500000000000056,0,1,165,0.1495487752470992,7500.0,7500.0,39999.59999999874,7.9438293618872065,3.290587882292046,93.10458968370877,151.5983267330326,63.43505582940316,25.89568722447003,34.70435202249134,240.3217,133.31314049999995,141.31550249999998,183.21408,620.8923780066566,RANDOMWALK3D_SHARP_LLONG,7500,7.0
DOE_0381_RANDOMWALK3D_MEDIUM_LMIXED_F10000_S01,15075,7.537,0.4999999999999449,0,1,170,0.2977777777777777,10000.0,10000.0,40018.28401718407,1.3140179664468776,0.2463853579263999,24.67950552971335,81.42178162867937,55.627555901888016,26.16463614985452,40.545890015225005,251.32099999999724,143.92594774,146.37407466000002,184.12178385,647.1290293839437,RANDOMWALK3D_MEDIUM_LMIXED,10000,26.0
DOE_0419_RANDOMWALK3D_SMOOTH_LSHORT_F15000_S01,6220,3.1095,0.5000000000000004,0,1,280,0.7366559485530546,15000.0,15000.0,40019.98107345705,0.3010500779951499,0.1322761481412901,4.757184760829892,10.250813112226488,65.5397155008017,30.62903493514928,43.46575626894944,343.2573000000003,159.69911847,150.109422735,182.8420599,637.1537379373543,RANDOMWALK3D_SMOOTH_LSHORT,15000,27.0
DOE_0436_RANDOMWALK3D_SHARP_LMIXED_F15000_S02,17214,8.606499999999999,0.4999999999999449,0,1,302,0.2603694667131405,15000.0,15000.0,40018.284017181664,1.5509235765514655,0.2368078594725726,27.40878384684523,107.2523440287368,123.55704121870406,58.70907466916996,73.98387744504389,528.2429999999998,149.90065654499995,143.79931396999996,188.560275675,633.6871038947796,RANDOMWALK3D_SHARP_LMIXED,15000,9.0
DOE_1008_ARC_TRANSITION_R2_F1000_S09,19544,9.7715,0.4999999999999449,0,1,14,0.2470323372902169,1000.0,1000.0,40000.80000000253,16.665564128669388,6.282730768085561,90.0,101.82051814777286,13.019849604017082,3.963215609182233,13.967202048021342,127.86500000000078,150.45949479999996,154.60522629999997,187.5,618.1336986060268,ARC_TRANSITION_R2,1000,29.0
DOE_1013_ARC_TRANSITION_R4_F15000_S14,21588,10.7935,0.4999999999999449,0,1,90,0.2274411710209375,15000.0,15000.0,40000.80000000253,34.745071027486674,12.24274042360248,90.0,152.3040433510717,142.82909175790334,62.999774246876726,31.720101503869785,556.2040000000011,143.3839304500001,152.34700395000007,187.5,622.6654233235257,ARC_TRANSITION_R4,15000,18.0
DOE_1031_HELIX_ENTRY_R8P0_F5000_S12,29811,14.905,0.500000000000056,0,1,46,0.1620542752675187,5000.0,5000.0,39999.59999999874,25.123754521677,25.123754521677,180.0,180.0,14.689454726493771,5.387794361196299,11.592340815829363,126.8539999999998,143.65073615000014,143.63415725000013,186.0,605.8831319246161,HELIX_ENTRY_R8P0,5000,23.0
DOE_1040_HELIX_ENTRY_R2P5_F10000_S21,17249,8.623999999999999,0.4999999999999449,0,1,134,0.2757841034262855,10000.0,10000.0,40018.28401717683,7.151141000154709,7.151141000154709,179.99999879258172,179.99999879258172,193.269988214365,106.6208531507945,36.25103075096138,345.4227000000001,155.7923987,155.5789547,186.0,618.7047923312871,HELIX_ENTRY_R2P5,10000,8.0
DOE_1053_HELIX_ENTRY_R4P0_F7500_S34,21523,10.761,0.4999999999999449,0,1,86,0.2222273846582725,7500.0,7500.0,40000.80000000253,12.447753642793923,12.447753642793923,180.0,180.0,69.82139300539627,28.289239349124287,15.945133055054626,141.81219999999993,152.46797669999992,152.39170034999992,186.0,615.4223042455237,HELIX_ENTRY_R4P0,7500,16.0
DOE_1072_CORNER_SEQUENCE_K1_F3000_S013,20922,10.4605,0.4999999999999449,0,1,18,0.235828314692668,3000.0,3000.0,40000.80000000253,33.148772038624976,23.356296256980556,90.0,90.92905498742608,12.096702712327454,6.631163267169216,13.746693245493493,92.78599999999938,144.28680879500004,143.95645530000004,187.5,632.1054825150718,CORNER_SEQUENCE_K1,3000,4.0
DOE_1387_FREEFORM_POCKET_CLEARING_K3_F3000_S088,26975,13.487,0.5000000000000004,0,1,649,0.1803151065801668,3000.0,3000.0,40000.80000000253,0.7400086718857268,0.4024167288135248,5.805519874628707,12.123063425814491,15.009265279271853,4.72685682435975,12.06444444816488,144.74300000000005,144.35148709999984,146.06602159999983,187.05,611.8036725137828,FREEFORM_POCKET_CLEARING_K3,3000,31.0
DOE_1404_MULTIPATH_RASTER_A45_F10000_S05,17572,8.785499999999999,0.4999999999999449,0,1,58,0.281242886410198,10000.0,10000.0,40017.83429727129,33.28504365628364,0.9381802758170388,90.0,174.86673401169676,50.56959278993872,22.29340642605809,18.67853708245453,190.9680000000016,145.52705895000005,145.17355895000006,187.5,637.4618453849938,MULTIPATH_RASTER_A45,10000,17.0
DOE_1463_RAMP_DEPTH_D0P4_F1000_S04,38452,19.2255,0.5000000000000004,0,1,46,0.1256631644647872,1000.0,1000.0,39820.13999999788,9.947116494211604,2.356098597536319,59.46139993449699,77.12121136342367,8.15469846020263,3.4222707605237344,9.980770277091592,92.78599999999938,134.80864559999975,134.88764559999976,186.5252099,585.0130155226419,RAMP_DEPTH_D0P4,1000,11.0
