run,n,feed_max,feed_n_levels,duration_s,dt_native_ms,resampled,n_invalid,n_blocks,g00_frac,feed_cut_max,feed_cut_med,speed_p95,block_len_med_mm,block_len_p10_mm,corner_ang_med_deg,corner_ang_p90_deg,e_rms_x,e_rms_y,e_rms_z,e_absmax,pos_x,pos_y,pos_z,span_mm,family,feed_name,rank
DOE_0272_JITTER_LLONG_F3000_S02,6315,40000.0,2,3.157,0.5000000000000004,0,1,218,0.7208234362628662,3000.0,3000.0,40019.981073459465,0.0062587277366292,0.0025571122483237,9.329925786782065,28.744094760206487,17.96414837368124,7.0941999816400605,24.960048831297577,92.78599999999938,159.81495995,159.6868609,187.71197929,620.3128069972757,JITTER_LLONG,3000,18
DOE_1041_HELIX_ENTRY_R4P0_F15000_S22,21283,40000.0,2,10.641,0.4999999999999449,0,1,166,0.2247333552600667,15000.0,15000.0,40000.80000000253,11.651751053230416,11.651751053230416,180.0,180.0,286.9202543496882,151.23841652582564,42.32125828365727,519.9441999999999,152.8502387,152.54789730000002,186.0,615.5077889974664,HELIX_ENTRY_R4P0,15000,15
DOE_1048_HELIX_ENTRY_R2P5_F15000_S29,17193,40000.0,2,8.596,0.4999999999999449,0,1,198,0.2766823707322747,15000.0,15000.0,40018.28401717683,5.682820395433914,5.682820395433914,179.99999879258172,179.99999879258172,296.52884559027336,211.1426762668281,58.708001356729326,506.4601,156.07497719999992,155.82150719999993,186.0,618.2796801189453,HELIX_ENTRY_R2P5,15000,13
DOE_1062_CORNER_SEQUENCE_K3_F15000_S003,25730,40000.0,2,12.8645,0.5000000000000004,0,1,114,0.1920715118538671,15000.0,15000.0,40000.32000000033,16.025184294520265,13.336198284271628,89.76534854135696,101.42549282563226,131.65515687906773,33.38156097246441,20.97216010866542,356.3590000000012,141.64222779999994,141.19939479999994,187.5,623.2427195274016,CORNER_SEQUENCE_K3,15000,10
DOE_1063_CORNER_SEQUENCE_K4_F500_S004,40680,40000.0,2,20.3395,0.4999999999999449,0,1,18,0.1195181907571288,500.0,500.0,39125.664693124665,11.987877295416954,7.402588563389122,67.30035902104893,90.0,7.443612119754196,3.834474059493836,9.724097559730346,92.78599999999938,130.5042995499999,129.8120700499999,187.5,582.509750429277,CORNER_SEQUENCE_K4,500,22
DOE_1064_CORNER_SEQUENCE_K1_F1000_S005,24886,40000.0,2,12.4425,0.5000000000000004,0,1,14,0.1953708912641646,1000.0,1000.0,40000.80000000253,19.841084439548723,13.661721908298206,90.0,90.53918056948392,9.242523880287122,5.104264224281856,12.446168811475957,92.78599999999938,146.14390850000012,145.96124100000011,187.5,616.4911803689134,CORNER_SEQUENCE_K1,1000,21
DOE_1111_CORNER_SEQUENCE_K4_F15000_S052,29298,40000.0,2,14.6485,0.500000000000056,0,1,174,0.1684073998225135,15000.0,15000.0,39999.59999999874,15.637504553866092,11.5198374364336,62.11670067218327,76.41168545984443,69.02398747388762,35.19253097861264,20.00564095702274,222.7840000000008,139.51728489999988,137.8894273999999,187.5,615.8024183834831,CORNER_SEQUENCE_K4,15000,12
DOE_1318_FREEFORM_POCKET_CLEARING_K4_F5000_S019,22953,40000.0,2,11.476,0.5000000000000004,0,1,426,0.2119548642878926,5000.0,5000.0,40000.80000000253,1.6373815578611524,0.9504835914801136,8.972991276733879,22.36690662116424,23.057648177055626,7.848506636964533,13.527493793462227,146.89699999999917,148.78406913999996,147.85803887999995,186.9,618.5884881867023,FREEFORM_POCKET_CLEARING_K4,5000,20
DOE_1319_FREEFORM_POCKET_CLEARING_K5_F7500_S020,25056,40000.0,2,12.5275,0.5000000000000004,0,1,652,0.1956018518518518,7500.0,7500.0,40000.80000000253,1.6707169228905296,0.8470232909992952,8.861898367092726,16.9710205601954,37.74907988378675,11.865453954762147,13.739762686764204,150.7480000000001,145.96446325000005,147.06124925000006,186.6,616.2477783370906,FREEFORM_POCKET_CLEARING_K5,7500,19
DOE_1328_FREEFORM_POCKET_CLEARING_K4_F15000_S029,15227,40000.0,2,7.613,0.4999999999999449,0,1,1099,0.3216654626650029,15000.0,15000.0,40018.28401718407,0.976458990485934,0.5384704893050819,4.986643629722545,10.068346044045512,90.96080151573408,37.33156210502432,23.47649313592059,326.4069999999997,151.6675231,150.6920526,186.75,630.6989430417248,FREEFORM_POCKET_CLEARING_K4,15000,6
DOE_1334_FREEFORM_POCKET_CLEARING_K5_F10000_S035,22051,40000.0,2,11.025,0.4999999999999449,0,1,652,0.222983084667362,10000.0,10000.0,40007.25315139888,1.818561511822064,0.9525154591984812,9.174173345583656,17.010937474434225,54.43595449686567,16.981304526883445,15.60243237242569,221.6300000000011,147.40181,148.640623,186.6,622.1798997649552,FREEFORM_POCKET_CLEARING_K5,10000,11
DOE_1341_FREEFORM_POCKET_CLEARING_K2_F10000_S042,19256,40000.0,2,9.6275,0.4999999999999449,0,1,1035,0.2547777316161196,10000.0,10000.0,40018.284017181664,0.9980741678726948,0.5759491716650044,4.409308596004544,10.25626027723566,52.38846145197745,18.81698133267423,16.674539167372952,225.78299999999984,149.30312725000005,149.39148375000005,186.75,626.3790747920157,FREEFORM_POCKET_CLEARING_K2,10000,14
DOE_1342_FREEFORM_POCKET_CLEARING_K3_F15000_S043,21589,40000.0,2,10.794,0.4999999999999449,0,1,1742,0.2276622353976562,15000.0,15000.0,40014.671999999904,0.9387033053913424,0.585250114947796,4.781237271160985,10.065994781687788,105.77050960137738,32.49749985398284,20.532470037868087,315.32749999999953,146.06851979999996,148.25448971999995,186.3,625.6348233438468,FREEFORM_POCKET_CLEARING_K3,15000,3
DOE_1349_FREEFORM_POCKET_CLEARING_K5_F15000_S050,18399,40000.0,2,9.199,0.4999999999999449,0,1,781,0.2672971357138975,15000.0,15000.0,40018.284017181664,1.6345267853967378,0.8602776150665545,9.425668331198205,16.7825953627804,108.85268918755156,34.12976037841709,21.08851106030556,340.2779999999996,149.71980770000002,150.91843711,186.45,626.7210387525902,FREEFORM_POCKET_CLEARING_K5,15000,5
DOE_1355_FREEFORM_POCKET_CLEARING_K1_F10000_S056,25030,40000.0,2,12.5145,0.5000000000000004,0,1,1292,0.1968437874550539,10000.0,10000.0,40000.80000000253,1.1329971791916138,0.5989960090865475,4.42091867945835,9.439963738305742,50.38361833378216,16.34049396552528,14.777595339285211,194.2369999999993,142.1335332499999,145.92351724999992,186.6,621.4412577701149,FREEFORM_POCKET_CLEARING_K1,10000,9
DOE_1362_FREEFORM_POCKET_CLEARING_K3_F10000_S063,21443,40000.0,2,10.721,0.4999999999999449,0,1,587,0.2290724245674579,10000.0,10000.0,40016.58696090627,2.0665748730390776,1.14044360417671,9.425870421316349,22.154890749830663,53.0618410311941,16.31062875986581,15.65291201421742,177.5840000000013,145.89387059999987,148.27080059999986,186.75,625.5796073099453,FREEFORM_POCKET_CLEARING_K3,10000,16
DOE_1370_FREEFORM_POCKET_CLEARING_K1_F15000_S071,21645,40000.0,2,10.822,0.4999999999999449,0,1,1614,0.2277200277200277,15000.0,15000.0,40014.600000000086,1.0289249958197255,0.5945824103794396,4.250779974888463,9.365291756416608,100.26372287777995,30.06571240726023,20.07211411937292,321.9309999999993,144.7937261000001,148.4277856000001,186.3,626.6344773401719,FREEFORM_POCKET_CLEARING_K1,15000,2
DOE_1383_FREEFORM_POCKET_CLEARING_K4_F10000_S084,25364,40000.0,2,12.6815,0.5000000000000004,0,1,1117,0.1931871944488251,10000.0,10000.0,40000.80000000253,1.3707753181867477,0.7890330764830532,5.659030715482029,14.351461780961476,52.01008476361197,19.94287791886398,15.035281612264251,224.61900000000057,145.5376084999999,144.3791999999999,186.45,618.6278114033956,FREEFORM_POCKET_CLEARING_K4,10000,7
DOE_1391_FREEFORM_POCKET_CLEARING_K2_F15000_S092,24447,40000.0,2,12.223,0.5000000000000004,0,1,1104,0.200883543993128,15000.0,15000.0,40000.80000000253,1.8716976548156032,1.0295858037788617,9.998206820749775,19.71757242099032,108.6557874159209,38.7747445079772,20.06201805782932,332.0989999999995,145.84441310000005,146.10870760000006,186.0,620.1117964804968,FREEFORM_POCKET_CLEARING_K2,15000,1
DOE_1419_MULTIPATH_RASTER_A30_F15000_S20,29463,40000.0,2,14.731,0.500000000000056,0,1,169,0.1661066422292366,15000.0,15000.0,39999.60000000028,17.16063876240927,2.6896877559366734,64.27275264581044,167.18685067228432,115.7651741865156,42.6918503266372,23.03147186924401,373.246599999999,140.0259913000001,140.4692718000001,186.15,613.8773389158474,MULTIPATH_RASTER_A30,15000,4
DOE_1433_MULTIPATH_RASTER_A0_F15000_S34,21312,40000.0,2,10.6555,0.4999999999999449,0,1,122,0.2293074324324324,15000.0,15000.0,40016.58696090627,12.533664219696956,1.8723715123832456,74.82994435055062,171.2945114208901,141.64375430395148,24.7128826800428,20.69202708766319,450.0400000000013,145.65296014999996,148.02646014999996,186.9,626.2289608296987,MULTIPATH_RASTER_A0,15000,17
DOE_1447_MULTIPATH_RASTER_A90_F15000_S48,29463,40000.0,2,14.731,0.500000000000056,0,1,169,0.1661066422292366,15000.0,15000.0,39999.60000000028,17.161009461739532,2.689707174630213,64.27293989392822,167.18644110592405,68.81999775386882,58.61862812163342,24.194868433090875,327.712,142.2193568000001,139.6678718000001,186.15,612.4770661890497,MULTIPATH_RASTER_A90,15000,8
