out,in,dc_gain,peak_abs,energy,centre_ms,tail_frac_after_100ms
x,dx_G01,0.0016312327761216494,378.4060712714378,3102752.6145795835,18.25959647115126,0.004412027991020603
x,dy_G01,0.0009987820346371024,94.47150713981547,172657.19886020338,31.19047084753597,0.04220572824069238
x,dz_G01,0.0003146415739614383,54.019485011688715,61575.38960173289,20.21241526483905,0.00719729231107247
x,dx_G00,-0.0004771646929828677,377.8698591385336,3087381.0335270143,19.022351064469426,0.007324594560255873
x,dy_G00,0.0003612809817645779,95.69764647065232,199559.58185479173,46.89045165261465,0.10927380970011702
x,dz_G00,-7.101343167059682e-06,52.76338353985133,59797.62451270321,23.184413365935608,0.01929083401036476
y,dx_G01,0.00036650523635639587,75.02330205756364,78588.75600937534,23.661132344431405,0.01770037571012751
y,dy_G01,-0.0012078214249608976,406.70204710979516,2630642.2859755964,12.776468588044796,0.00593371024947772
y,dz_G01,-2.9340662186960742e-05,228.17961384993146,474892.07391025184,11.024211320900882,0.0012482802850676464
y,dx_G00,0.0001490901822647217,87.68133045699004,98633.49291843195,54.63796663921184,0.1544928965455761
y,dy_G00,9.848855598804107e-05,384.4671468740524,2526937.7776258215,14.605363411194842,0.01363890124993343
y,dz_G00,-3.7399182449604496e-05,160.28234548721048,368781.19303321315,16.39125232039365,0.018310547482781065
z,dx_G01,2.8538086655593986e-05,43.2258905710522,56168.361965035285,40.62838548643952,0.02703530579959884
z,dy_G01,-0.0014943142183199143,178.06174370643586,645277.9269020779,27.23562241754958,0.030902578483188985
z,dz_G01,-0.00028440625637227157,335.11273469560325,1099878.165638632,6.798070309426973,0.0006858632114583379
z,dx_G00,0.0012258612766595789,60.557006622707696,90829.80651924419,91.93181123382149,0.25338131987658274
z,dy_G00,-0.0013029736343099785,180.2055435160416,692532.8166435432,39.81691913350074,0.08464850071155879
z,dz_G00,0.00012835476358663556,339.90879336419766,1174947.7885059193,20.745959118771623,0.05579775579081465
