program,model,g01_x,g01_y,g01_z,g01_mean,g00_mean,psd_ratio_10_50
DOE_1006_ARC_TRANSITION_R7_F15000_S07,FIR (1 prog),0.008048843580090757,0.0066500229078454345,0.007512981460329351,0.007403949316088514,0.008989263683841325,1.0000551597207192
DOE_1006_ARC_TRANSITION_R7_F15000_S07,FIR (N progs),0.0022690765811482698,0.0019582095521150974,0.002420478007736847,0.002215921380333405,0.005111519956813687,0.9999773831697439
DOE_1006_ARC_TRANSITION_R7_F15000_S07,TCN,7.280658171842042,33.294476504667486,12.249984690228793,17.608373122246107,9.03232044723204,0.48793927839335266
DOE_1013_ARC_TRANSITION_R4_F15000_S14,FIR (1 prog),0.02028634111781108,0.016755752640615754,0.01537528575342154,0.01747245983728279,0.012475379895239738,1.000050534055642
DOE_1013_ARC_TRANSITION_R4_F15000_S14,FIR (N progs),0.014471954735422045,0.014257482328602987,0.01690113796812524,0.015210191677383425,0.00855332452110486,0.9998602115643326
DOE_1013_ARC_TRANSITION_R4_F15000_S14,TCN,41.47875028731436,59.42350500058091,30.391960572316382,43.76473862007055,11.306511479117697,0.2805747431839333
DOE_1062_CORNER_SEQUENCE_K3_F15000_S003,FIR (1 prog),0.008838051142455084,0.008018067595883131,0.008264915003266112,0.00837367791386811,0.00968886231312263,1.0000266289504305
DOE_1062_CORNER_SEQUENCE_K3_F15000_S003,FIR (N progs),0.003243316028331436,0.00338318299719001,0.004033560811527346,0.0035533532790162636,0.005273077445342931,1.0000917338306679
DOE_1062_CORNER_SEQUENCE_K3_F15000_S003,TCN,19.35196793391088,31.246088071908602,13.371285950273128,21.323113985364206,8.812343816333556,0.593745990256789
DOE_1069_CORNER_SEQUENCE_K2_F15000_S010,FIR (1 prog),0.00600157272461392,0.0065625592654841094,0.007415390785921711,0.006659840925339913,0.008113745388177327,1.0000685676110217
DOE_1069_CORNER_SEQUENCE_K2_F15000_S010,FIR (N progs),0.0029295275627314646,0.0028580767109309935,0.003407380014914546,0.0030649947628590014,0.005236462818363672,0.9999510071628995
DOE_1069_CORNER_SEQUENCE_K2_F15000_S010,TCN,7.930912267751514,21.292226272464113,10.744584661291617,13.322574400502413,8.584784825605906,0.6884575575361129
DOE_1076_CORNER_SEQUENCE_K1_F15000_S017,FIR (1 prog),0.007168597838108291,0.006963405451906202,0.0073514848208969365,0.007161162703637143,0.008249350196359376,1.0000259936124534
DOE_1076_CORNER_SEQUENCE_K1_F15000_S017,FIR (N progs),0.0030567153565029237,0.0029759662037466706,0.0036092245928354702,0.0032139687176950212,0.005202628783805999,0.999912483083142
DOE_1076_CORNER_SEQUENCE_K1_F15000_S017,TCN,9.341583625569376,21.731939273455428,10.785014522884316,13.95284580730304,8.873361430690293,0.7900904063510114
